dataset_slug,dataset_name,task_name,fold,problem_type,num_trials,sample_size,seed,train_metric_error,val_metric_error,test_metric_error,train_rows,val_rows,test_rows,model_train_seconds,run_seconds,status,hf_found,hf_dataset_name,hf_method,hf_metric_name,hf_metric_error,hf_delta_local_minus_hf,hf_local_rank,hf_total_methods,hf_best_metric_error
airfoil-self-noise,tabarena-airfoil-self-noise,fold-2,2,regression,1,50000,42,4.643657527833457,5.212366040297117,5.1150558895696125,801,201,501,0.3293626308441162,1.5761549472808838,ok,True,airfoil_self_noise,GBM (default),rmse,1.6004814370861735,3.514574452483439,42,45,1.0424510584287758
airfoil-self-noise,tabarena-airfoil-self-noise,fold-6,6,regression,1,50000,42,4.694808007763414,4.5434589860692185,4.891242241526418,801,201,501,0.4850082397460937,1.7356140613555908,ok,True,airfoil_self_noise,GBM (default),rmse,1.4903638999977191,3.4008783415286983,42,45,1.0902574093038035
airfoil-self-noise,tabarena-airfoil-self-noise,fold-10,10,regression,1,50000,42,4.527718310335642,5.030907761373221,4.500549736172631,801,201,501,0.0655996799468994,1.3992552757263184,ok,True,airfoil_self_noise,GBM (default),rmse,1.5409089879880646,2.959640748184566,42,45,1.0540866414068502
airfoil-self-noise,tabarena-airfoil-self-noise,fold-14,14,regression,1,50000,42,1.5269206004460534,2.3806641669797157,2.215238813006005,801,201,501,0.3446745872497558,1.619828224182129,ok,True,airfoil_self_noise,GBM (default),rmse,1.4714127989238883,0.7438260140821167,39,45,1.0765307709350374
airfoil-self-noise,tabarena-airfoil-self-noise,fold-18,18,regression,1,50000,42,4.448199836755332,5.166972878948148,4.837837760114365,801,201,501,0.0820145606994628,1.4125688076019287,ok,True,airfoil_self_noise,GBM (default),rmse,1.6097512242890002,3.2280865358253648,42,45,1.0661763737141177
airfoil-self-noise,tabarena-airfoil-self-noise,fold-22,22,regression,1,50000,42,3.4452270061369243,3.886207671171822,3.974552508224381,801,201,501,0.9040720462799072,2.284368991851806,ok,True,airfoil_self_noise,GBM (default),rmse,1.4941470264508492,2.4804054817735324,40,45,1.1114469131535665
airfoil-self-noise,tabarena-airfoil-self-noise,fold-26,26,regression,1,50000,42,5.286737477402232,5.434200018218326,5.3143541557182985,801,201,501,0.6739752292633057,2.036925792694092,ok,True,airfoil_self_noise,GBM (default),rmse,1.57697472900351,3.7373794267147886,44,45,1.158504360163006
amazon-employee-access,tabarena-amazon-employee-access,fold-0,0,binary_classification,1,50000,42,0.4415236309091677,0.4583170523069774,0.4590803196599217,17476,4370,10923,1.320906400680542,14.547988891601562,ok,True,Amazon_employee_access,GBM (default),roc_auc,0.1634030411235577,0.2956772785363639,45,45,0.1230717758788864
amazon-employee-access,tabarena-amazon-employee-access,fold-4,4,binary_classification,1,50000,42,0.3931225140394949,0.4357925923650225,0.4335524527392129,17476,4370,10923,1.90796422958374,5.3829522132873535,ok,True,Amazon_employee_access,GBM (default),roc_auc,0.1484161378567237,0.2851363148824892,45,45,0.1125839340999693
amazon-employee-access,tabarena-amazon-employee-access,fold-8,8,binary_classification,1,50000,42,0.403659862977037,0.4474424467718444,0.4421957544019639,17476,4370,10923,2.233794689178467,5.71970009803772,ok,True,Amazon_employee_access,GBM (default),roc_auc,0.156686655704936,0.2855090986970279,45,45,0.1237984699634762
another-dataset-on-used-fiat-500,tabarena-another-dataset-on-used-fiat-500,fold-3,3,regression,1,50000,42,898.6301593323466,863.6347504279305,892.4031110285977,820,205,513,0.1130681037902832,1.4664947986602783,ok,True,Another-Dataset-on-used-Fiat-500,GBM (default),rmse,746.2814167686921,146.12169425990555,45,45,726.7427178554125
another-dataset-on-used-fiat-500,tabarena-another-dataset-on-used-fiat-500,fold-7,7,regression,1,50000,42,664.5669154311894,727.4712277543962,749.4831300074311,820,205,513,0.8616724014282227,2.146221160888672,ok,True,Another-Dataset-on-used-Fiat-500,GBM (default),rmse,746.4688064991403,3.014323508290772,34,45,703.9042957444839
another-dataset-on-used-fiat-500,tabarena-another-dataset-on-used-fiat-500,fold-11,11,regression,1,50000,42,743.7557313560839,777.6385686082107,842.1114884118582,820,206,512,1.265277624130249,2.575462102890014,ok,True,Another-Dataset-on-used-Fiat-500,GBM (default),rmse,774.6645674968966,67.44692091496165,43,45,756.694920051813
another-dataset-on-used-fiat-500,tabarena-another-dataset-on-used-fiat-500,fold-15,15,regression,1,50000,42,937.1798748689127,953.6416613535988,973.7126876776912,820,205,513,0.0956747531890869,1.51155424118042,ok,True,Another-Dataset-on-used-Fiat-500,GBM (default),rmse,727.7197463992476,245.99294127844348,45,45,701.689369242221
another-dataset-on-used-fiat-500,tabarena-another-dataset-on-used-fiat-500,fold-19,19,regression,1,50000,42,672.2320197876415,861.573732332154,726.3846157232109,820,205,513,0.1518497467041015,1.4059147834777832,ok,True,Another-Dataset-on-used-Fiat-500,GBM (default),rmse,709.4821752069854,16.90244051622551,33,45,682.2751758741015
another-dataset-on-used-fiat-500,tabarena-another-dataset-on-used-fiat-500,fold-23,23,regression,1,50000,42,717.0435602338312,818.8902557699553,721.8311870949658,820,206,512,0.5932385921478271,2.1057896614074707,ok,True,Another-Dataset-on-used-Fiat-500,GBM (default),rmse,694.2475384573319,27.583648637633928,35,45,659.8072766654172
another-dataset-on-used-fiat-500,tabarena-another-dataset-on-used-fiat-500,fold-27,27,regression,1,50000,42,906.6786007269328,799.9259841402659,849.0814259383106,820,205,513,0.4213185310363769,1.7110629081726074,ok,True,Another-Dataset-on-used-Fiat-500,GBM (default),rmse,774.0630331760972,75.01839276221347,43,45,737.4113645184424
apsfailure,tabarena-apsfailure,fold-1,1,binary_classification,1,10000,42,0.0030149957432632,0.0112397743478563,0.0141444339601939,10000,10134,25333,4.013376474380493,10.222832918167114,ok,True,APSFailure,GBM (default),roc_auc,0.0085832656733449,0.0055611682868489,42,45,0.0073721445656228
apsfailure,tabarena-apsfailure,fold-5,5,binary_classification,1,10000,42,0.0031589857129495,0.0136137016737203,0.0125749709244913,10000,10134,25333,2.114962577819824,8.022258520126343,ok,True,APSFailure,GBM (default),roc_auc,0.0062365978363432,0.0063383730881481,43,45,0.00561734436374
bank-customer-churn,tabarena-bank-customer-churn,fold-0,0,binary_classification,1,10000,42,0.1446767361590021,0.150610667996012,0.1519693578404045,5332,1334,3334,0.1480462551116943,6.947831869125366,ok,True,Bank_Customer_Churn,GBM (default),roc_auc,0.1306379992733305,0.021331358567074,40,45,0.1205852741236281
bank-customer-churn,tabarena-bank-customer-churn,fold-4,4,binary_classification,1,10000,42,0.1120489774821008,0.1376530131826742,0.1636632620558847,5333,1334,3333,0.1806244850158691,1.58270001411438,ok,True,Bank_Customer_Churn,GBM (default),roc_auc,0.1519744559855189,0.0116888060703658,40,45,0.138741311361515
bank-customer-churn,tabarena-bank-customer-churn,fold-8,8,binary_classification,1,10000,42,0.048810968721936,0.1444174421180902,0.1402401465873058,5333,1334,3333,0.7217485904693604,2.262803792953491,ok,True,Bank_Customer_Churn,GBM (default),roc_auc,0.1393611554737729,0.0008789911135329,30,45,0.1274870065802251
bank-marketing,tabarena-bank-marketing,fold-3,3,binary_classification,1,50000,42,0.1855008326325148,0.2324467752014208,0.2376184063390323,24112,6028,15071,0.504622220993042,2.212865114212036,ok,True,bank-marketing,GBM (default),roc_auc,0.2323137870064295,0.0053046193326027,33,45,0.2300972457425205
bank-marketing,tabarena-bank-marketing,fold-7,7,binary_classification,1,50000,42,0.2488882596492809,0.2613837513521002,0.2572531330773626,24112,6029,15070,0.1106758117675781,1.7999842166900637,ok,True,bank-marketing,GBM (default),roc_auc,0.2348272125593253,0.0224259205180372,38,45,0.2332039129521304
bioresponse,tabarena-bioresponse,fold-2,2,binary_classification,1,10000,42,0.0332959361253,0.1339262779347547,0.1511928337149575,2000,501,1250,4.991478204727173,14.82274317741394,ok,True,Bioresponse,GBM (default),roc_auc,0.1260623594694391,0.0251304742455183,41,45,0.1182210120263217
bioresponse,tabarena-bioresponse,fold-6,6,binary_classification,1,10000,42,0.061323059102012,0.187080036739232,0.1540924698965751,2000,500,1251,1.75504469871521,11.4598069190979,ok,True,Bioresponse,GBM (default),roc_auc,0.1311526046734313,0.0229398652231437,39,45,0.1227509305163014
blood-transfusion-service-center,tabarena-blood-transfusion-service-center,fold-1,1,binary_classification,1,50000,42,0.3096606648199447,0.3344298245614036,0.307671721677074,399,100,249,0.0259315967559814,1.539559841156006,ok,True,blood-transfusion-service-center,GBM (default),roc_auc,0.2527653880463871,0.0549063336306868,45,45,0.2003122212310437
blood-transfusion-service-center,tabarena-blood-transfusion-service-center,fold-5,5,binary_classification,1,50000,42,0.2806094182825486,0.2779605263157895,0.2526761819803746,399,100,249,1.094569206237793,2.40765643119812,ok,True,blood-transfusion-service-center,GBM (default),roc_auc,0.1935325602140947,0.0591436217662799,40,45,0.1909901873327386
blood-transfusion-service-center,tabarena-blood-transfusion-service-center,fold-9,9,binary_classification,1,50000,42,0.2474279115341545,0.2033991228070175,0.3654385964912281,398,100,250,0.6447153091430664,2.107079029083252,ok,True,blood-transfusion-service-center,GBM (default),roc_auc,0.3039035087719298,0.0615350877192982,43,45,0.2587719298245613
blood-transfusion-service-center,tabarena-blood-transfusion-service-center,fold-13,13,binary_classification,1,50000,42,0.198424515235457,0.2151864035087719,0.2624888492417485,399,100,249,0.0343568325042724,1.7980268001556396,ok,True,blood-transfusion-service-center,GBM (default),roc_auc,0.2950936663693131,-0.0326048171275645,30,45,0.2032560214094557
blood-transfusion-service-center,tabarena-blood-transfusion-service-center,fold-17,17,binary_classification,1,50000,42,0.2739958448753462,0.2538377192982456,0.2351025869759144,399,100,249,0.2451100349426269,1.566730499267578,ok,True,blood-transfusion-service-center,GBM (default),roc_auc,0.2418376449598571,-0.0067350579839426,14,45,0.2218554861730597
blood-transfusion-service-center,tabarena-blood-transfusion-service-center,fold-21,21,binary_classification,1,50000,42,0.2098614221724525,0.2919407894736842,0.2795175438596491,398,100,250,0.5019209384918213,2.0042977333068848,ok,True,blood-transfusion-service-center,GBM (default),roc_auc,0.2810526315789473,-0.0015350877192982,15,45,0.2621929824561404
blood-transfusion-service-center,tabarena-blood-transfusion-service-center,fold-25,25,binary_classification,1,50000,42,0.2134868421052632,0.2883771929824561,0.2985727029438002,399,100,249,0.0842783451080322,1.6523418426513672,ok,True,blood-transfusion-service-center,GBM (default),roc_auc,0.2628456735057984,0.0357270294380017,42,45,0.2292595896520963
blood-transfusion-service-center,tabarena-blood-transfusion-service-center,fold-29,29,binary_classification,1,50000,42,0.2275796398891966,0.3358004385964912,0.2265834076717217,399,100,249,0.075380802154541,1.3261399269104004,ok,True,blood-transfusion-service-center,GBM (default),roc_auc,0.2395628902765387,-0.012979482604817,7,45,0.2147190008920606
churn,tabarena-churn,fold-3,3,binary_classification,1,10000,42,0.0063688288933465,0.1066614681965021,0.0834754645915503,2666,667,1667,0.1495101451873779,1.6004462242126465,ok,True,churn,GBM (default),roc_auc,0.0862233355837449,-0.0027478709921946,36,45,0.0648059316111762
churn,tabarena-churn,fold-7,7,binary_classification,1,10000,42,0.0657857380413533,0.0965244513757378,0.1080316005164101,2666,667,1667,0.0760977268218994,1.5004961490631104,ok,True,churn,GBM (default),roc_auc,0.0921128995961104,0.0159187009202996,39,45,0.0718784422414099
coil2000-insurance-policies,tabarena-coil2000-insurance-policies,fold-2,2,binary_classification,1,50000,42,0.2192874413108883,0.3067401348651348,0.3282130591027834,5238,1310,3274,0.5752320289611816,2.88340425491333,ok,True,coil2000_insurance_policies,GBM (default),roc_auc,0.2561819562132845,0.0720311028894988,45,45,0.226311479757595
coil2000-insurance-policies,tabarena-coil2000-insurance-policies,fold-6,6,binary_classification,1,50000,42,0.2305337247206499,0.2508793290043289,0.2454534855639111,5238,1310,3274,0.5976772308349609,2.9348390102386475,ok,True,coil2000_insurance_policies,GBM (default),roc_auc,0.2296783004805089,0.0157751850834021,34,45,0.2176930571863992
concrete-compressive-strength,tabarena-concrete-compressive-strength,fold-1,1,regression,1,50000,42,3.825115237875682,5.845624298513728,5.102584474988546,549,138,343,0.3009395599365234,1.6451013088226318,ok,True,concrete_compressive_strength,GBM (default),rmse,4.095591852217447,1.006992622771099,35,45,3.79217436672961
concrete-compressive-strength,tabarena-concrete-compressive-strength,fold-5,5,regression,1,50000,42,7.883184643047145,8.276240570927103,8.218495958439911,549,138,343,0.3038725852966308,1.6261484622955322,ok,True,concrete_compressive_strength,GBM (default),rmse,4.939242164212933,3.279253794226978,40,45,4.183263526263326
concrete-compressive-strength,tabarena-concrete-compressive-strength,fold-9,9,regression,1,50000,42,10.718184751567245,10.808127970362367,10.961803095253837,548,138,344,0.1235969066619873,1.3123650550842283,ok,True,concrete_compressive_strength,GBM (default),rmse,4.726019680849876,6.235783414403959,45,45,4.135476061798498
concrete-compressive-strength,tabarena-concrete-compressive-strength,fold-13,13,regression,1,50000,42,13.376766542126322,11.693833864647202,13.796294140919324,549,138,343,0.117861270904541,1.344346046447754,ok,True,concrete_compressive_strength,GBM (default),rmse,4.209969269800465,9.586324871118858,45,45,3.6575419978836328
concrete-compressive-strength,tabarena-concrete-compressive-strength,fold-17,17,regression,1,50000,42,6.727634144173231,7.703973864179161,7.869955511460782,549,138,343,0.1067588329315185,1.3131444454193115,ok,True,concrete_compressive_strength,GBM (default),rmse,5.128943298252113,2.741012213208669,40,45,4.651331474684734
concrete-compressive-strength,tabarena-concrete-compressive-strength,fold-21,21,regression,1,50000,42,8.020131491449426,7.968027796238532,9.15009971563842,548,138,344,0.2938778400421142,1.5883493423461914,ok,True,concrete_compressive_strength,GBM (default),rmse,4.547477194838068,4.602622520800351,45,45,4.0285009670500855
concrete-compressive-strength,tabarena-concrete-compressive-strength,fold-25,25,regression,1,50000,42,11.582136253086814,13.748958095149618,13.12769955500726,549,138,343,0.1409623622894287,1.4339268207550049,ok,True,concrete_compressive_strength,GBM (default),rmse,4.226828929807606,8.900870625199655,45,45,3.946970435798181
concrete-compressive-strength,tabarena-concrete-compressive-strength,fold-29,29,regression,1,50000,42,11.20705984605184,11.124960025948674,10.931854217244252,549,138,343,0.218522310256958,1.9465103149414065,ok,True,concrete_compressive_strength,GBM (default),rmse,3.958657908835548,6.9731963084087045,45,45,3.451051183623718
credit-card-clients-default,tabarena-credit-card-clients-default,fold-3,3,binary_classification,1,10000,42,0.1798283192866868,0.2137475854939196,0.219487647802387,10000,4000,10000,2.553171873092652,4.952463865280151,ok,True,credit_card_clients_default,GBM (default),roc_auc,0.2156870564535229,0.0038005913488641,34,45,0.209265878046719
credit-card-clients-default,tabarena-credit-card-clients-default,fold-7,7,binary_classification,1,10000,42,0.198668639573899,0.2224069791695005,0.219754060124957,10000,4000,10000,1.872260808944702,4.257931709289551,ok,True,credit_card_clients_default,GBM (default),roc_auc,0.209908587979281,0.0098454721456759,35,45,0.2061889158542237
credit-g,tabarena-credit-g,fold-2,2,binary_classification,1,50000,42,0.2821883378016085,0.2002659574468084,0.3275965665236051,533,134,333,0.020587682723999,1.3453702926635742,ok,True,credit-g,GBM (default),roc_auc,0.2323605150214591,0.0952360515021459,43,45,0.2053648068669528
credit-g,tabarena-credit-g,fold-6,6,binary_classification,1,50000,42,0.1505208333333332,0.2739361702127659,0.2296153846153845,532,134,334,0.0859198570251464,1.3854680061340332,ok,True,credit-g,GBM (default),roc_auc,0.2011111111111111,0.0285042735042734,43,45,0.1748290598290597
credit-g,tabarena-credit-g,fold-10,10,binary_classification,1,50000,42,0.2153652815013405,0.2523936170212766,0.2543347639484978,533,134,333,0.0200321674346923,1.3414809703826904,ok,True,credit-g,GBM (default),roc_auc,0.2164377682403433,0.0378969957081545,43,45,0.1954506437768239
credit-g,tabarena-credit-g,fold-14,14,binary_classification,1,50000,42,0.1390750670241287,0.2582446808510638,0.2349356223175965,533,134,333,0.0300724506378173,1.3462982177734375,ok,True,credit-g,GBM (default),roc_auc,0.2388412017167381,-0.0039055793991416,40,45,0.2023605150214592
credit-g,tabarena-credit-g,fold-18,18,binary_classification,1,50000,42,0.1026041666666666,0.1577127659574468,0.2652991452991452,532,134,334,0.1461400985717773,1.4886305332183838,ok,True,credit-g,GBM (default),roc_auc,0.2645726495726496,0.0007264957264956,36,45,0.2229487179487179
credit-g,tabarena-credit-g,fold-22,22,binary_classification,1,50000,42,0.3654658176943699,0.4494680851063829,0.3728755364806866,533,134,333,0.0179181098937988,1.3518481254577637,ok,True,credit-g,GBM (default),roc_auc,0.2640343347639485,0.108841201716738,43,45,0.1986266094420601
credit-g,tabarena-credit-g,fold-26,26,binary_classification,1,50000,42,0.2415549597855227,0.1759308510638297,0.2609227467811159,533,134,333,0.0205981731414794,1.3857879638671875,ok,True,credit-g,GBM (default),roc_auc,0.2225321888412018,0.038390557939914,43,45,0.2048068669527897
customer-satisfaction-in-airline,tabarena-customer-satisfaction-in-airline,fold-0,0,binary_classification,1,10000,42,0.0005797281776146,0.0117132855204286,0.0118576220485505,10000,17318,43294,48.02326560020447,71.79884624481201,ok,True,customer_satisfaction_in_airline,GBM (default),roc_auc,0.005735930711694,0.0061216913368564,37,45,0.0043975257762043
customer-satisfaction-in-airline,tabarena-customer-satisfaction-in-airline,fold-4,4,binary_classification,1,10000,42,0.0021294315043618,0.0121431034509906,0.0117177681600937,10000,17318,43293,43.171005964279175,52.07807850837708,ok,True,customer_satisfaction_in_airline,GBM (default),roc_auc,0.0055736291024439,0.0061441390576497,37,45,0.0044161772701019
customer-satisfaction-in-airline,tabarena-customer-satisfaction-in-airline,fold-8,8,binary_classification,1,10000,42,0.0013381429912074,0.0124667925005826,0.013224534390457,10000,17318,43293,82.90482521057129,97.497633934021,ok,True,customer_satisfaction_in_airline,GBM (default),roc_auc,0.0056997991341516,0.0075247352563053,37,45,0.0045256910148469
diabetes,tabarena-diabetes,fold-3,3,binary_classification,1,50000,42,0.1507702823492298,0.1422056384742952,0.174190943954787,409,103,256,0.0373411178588867,1.3445062637329102,ok,True,diabetes,GBM (default),roc_auc,0.1690775751867053,0.0051133687680817,39,45,0.1532665007064523
diabetes,tabarena-diabetes,fold-7,7,binary_classification,1,50000,42,0.5,0.5,0.5,409,103,256,0.0238497257232666,1.3248815536499023,ok,True,diabetes,GBM (default),roc_auc,0.1597254928345555,0.3402745071654445,45,45,0.1371190203861939
diabetes,tabarena-diabetes,fold-11,11,binary_classification,1,50000,42,0.2701244922719839,0.2744610281923715,0.2609103078982596,409,103,256,0.0292229652404785,1.3289835453033447,ok,True,diabetes,GBM (default),roc_auc,0.1721552878179384,0.0887550200803212,45,45,0.1692101740294511
diabetes,tabarena-diabetes,fold-15,15,binary_classification,1,50000,42,0.2266154897733845,0.2041873963515754,0.1570342461145124,409,103,256,0.0270261764526367,1.3223838806152344,ok,True,diabetes,GBM (default),roc_auc,0.1307945905940927,0.0262396555204197,44,45,0.1112830518737805
diabetes,tabarena-diabetes,fold-19,19,binary_classification,1,50000,42,0.0442452284557547,0.1405472636815921,0.212002960371392,409,103,256,0.0564219951629638,1.3461427688598633,ok,True,diabetes,GBM (default),roc_auc,0.2214223238915427,-0.0094193635201507,36,45,0.1883872704030141
diabetes,tabarena-diabetes,fold-23,23,binary_classification,1,50000,42,0.1388405338397426,0.2002487562189054,0.1731258366800536,409,103,256,0.0345039367675781,1.332508563995361,ok,True,diabetes,GBM (default),roc_auc,0.1720214190093707,0.0011044176706829,33,45,0.1383534136546185
diabetes,tabarena-diabetes,fold-27,27,binary_classification,1,50000,42,0.1137838265548345,0.1480099502487561,0.1901606425702809,409,103,256,0.0533268451690673,1.4321715831756592,ok,True,diabetes,GBM (default),roc_auc,0.1728246318607764,0.0173360107095045,43,45,0.1467871485943774
diabetes130us,tabarena-diabetes130us,fold-1,1,binary_classification,1,50000,42,0.2769357426584479,0.3361869881562874,0.3720975626639314,38143,9536,23839,20.68844175338745,39.973384380340576,ok,True,Diabetes130US,GBM (default),roc_auc,0.3600080464152217,0.0120895162487096,41,45,0.3344243567002231
diabetes130us,tabarena-diabetes130us,fold-5,5,binary_classification,1,50000,42,0.2819536554368175,0.3474607919681866,0.3585127036558173,38143,9536,23839,29.150103092193604,48.6909065246582,ok,True,Diabetes130US,GBM (default),roc_auc,0.3561655241977121,0.0023471794581052,37,45,0.3315500329316769
diamonds,tabarena-diamonds,fold-0,0,regression,1,10000,42,594.8328893257534,634.2963544496203,633.3828361245517,10000,7192,17980,3.305672407150269,16.420303106307983,ok,True,diamonds,GBM (default),rmse,535.0955907690841,98.28724535546758,39,45,511.9583768160685
diamonds,tabarena-diamonds,fold-4,4,regression,1,10000,42,459.4768847885536,590.5598794498106,578.708259375233,10000,7192,17980,3.750545501708984,9.152919292449951,ok,True,diamonds,GBM (default),rmse,524.8936655006306,53.81459387460234,36,45,501.12249674494063
diamonds,tabarena-diamonds,fold-8,8,regression,1,10000,42,75.30258844532727,748.6290395730979,742.0312704725471,10000,7192,17980,2.2756426334381104,4.853217840194702,ok,True,diamonds,GBM (default),rmse,543.2172198445177,198.81405062802943,40,45,521.5925719522025
e-commereshippingdata,tabarena-e-commereshippingdata,fold-3,3,binary_classification,1,10000,42,0.2454688613711868,0.2357384169884169,0.2453792460689754,5865,1467,3667,0.078683853149414,1.44559907913208,ok,True,E-CommereShippingData,GBM (default),roc_auc,0.2569200062298135,-0.011540760160838,3,45,0.244046758210313
e-commereshippingdata,tabarena-e-commereshippingdata,fold-7,7,binary_classification,1,10000,42,0.2505615867648835,0.2473426640926641,0.2662474365032048,5866,1467,3666,0.0729610919952392,1.4408786296844482,ok,True,E-CommereShippingData,GBM (default),roc_auc,0.2597876719614678,0.006459764541737,39,45,0.254733037629288
fitness-club,tabarena-fitness-club,fold-2,2,binary_classification,1,50000,42,0.0941822921295062,0.1536737822856467,0.188400159395814,800,200,500,0.3469719886779785,1.8567783832550049,ok,True,Fitness_Club,GBM (default),roc_auc,0.1862369304920397,0.0021632289037742,43,45,0.1652213514487941
fitness-club,tabarena-fitness-club,fold-6,6,binary_classification,1,10000,42,0.2353557569833229,0.1908833588866612,0.2024706351164158,800,200,500,0.0329711437225341,1.3902254104614258,ok,True,Fitness_Club,GBM (default),roc_auc,0.20032638190478,0.0021442532116358,43,45,0.1638171502305545
fitness-club,tabarena-fitness-club,fold-10,10,binary_classification,1,10000,42,0.1603868598003495,0.2148248614223374,0.1856107326514735,800,200,500,0.0316927433013916,1.3223650455474854,ok,True,Fitness_Club,GBM (default),roc_auc,0.2278221598132792,-0.0422114271618057,25,45,0.178523311637792
fitness-club,tabarena-fitness-club,fold-14,14,binary_classification,1,10000,42,0.1841582985278,0.1999404761904761,0.1976236388384755,800,200,500,0.0296249389648437,1.327775478363037,ok,True,Fitness_Club,GBM (default),roc_auc,0.2157913641863279,-0.0181677253478523,34,45,0.1715536146400484
fitness-club,tabarena-fitness-club,fold-18,18,binary_classification,1,10000,42,0.196506857430611,0.2325745960608561,0.1848611928120078,800,200,500,0.063373327255249,1.3767168521881104,ok,True,Fitness_Club,GBM (default),roc_auc,0.1939885007305641,-0.0091273079185563,41,45,0.1624698760887304
fitness-club,tabarena-fitness-club,fold-22,22,binary_classification,1,10000,42,0.1363340146331347,0.2060384479301804,0.2209719349513274,800,200,500,0.0442006587982177,1.337524652481079,ok,True,Fitness_Club,GBM (default),roc_auc,0.2385244501793202,-0.0175525152279928,34,45,0.2036281523368565
fitness-club,tabarena-fitness-club,fold-26,26,binary_classification,1,10000,42,0.1802000947895374,0.1793253921453002,0.2156587411525834,800,200,500,0.0354504585266113,1.313727617263794,ok,True,Fitness_Club,GBM (default),roc_auc,0.2204216398793147,-0.0047628987267313,42,45,0.1825935976014725
food-delivery-time,tabarena-food-delivery-time,fold-0,0,regression,1,50000,42,7.38420297468495,7.562362558390728,7.602330935516899,24240,6060,15151,4.963628768920898,17.49301528930664,ok,True,Food_Delivery_Time,GBM (default),rmse,7.661070346832275,-0.0587394113153765,20,45,7.394508361816406
food-delivery-time,tabarena-food-delivery-time,fold-4,4,regression,1,50000,42,8.14483091386022,8.312668149710177,8.152932090167488,24240,6061,15150,4.639350891113281,8.809523344039917,ok,True,Food_Delivery_Time,GBM (default),rmse,7.608145713806152,0.5447863763613352,38,45,7.342092990875244
food-delivery-time,tabarena-food-delivery-time,fold-8,8,regression,1,50000,42,7.616356977869403,7.790291955331297,7.758840126077719,24240,6061,15150,6.691956043243408,10.6342453956604,ok,True,Food_Delivery_Time,GBM (default),rmse,7.640511035919189,0.1183290901585296,26,45,7.375529766082764
givemesomecredit,tabarena-givemesomecredit,fold-3,3,binary_classification,1,50000,42,0.1149590669073498,0.1337429607560081,0.1348172438230961,50000,20000,50000,0.6793069839477539,3.415231466293335,ok,True,GiveMeSomeCredit,GBM (default),roc_auc,0.1342512564336455,0.0005659873894505,22,45,0.1324052288089716
givemesomecredit,tabarena-givemesomecredit,fold-7,7,binary_classification,1,50000,42,0.1219061833469795,0.1378112617564195,0.1385364617214497,50000,20000,50000,1.5852320194244385,4.783899545669556,ok,True,GiveMeSomeCredit,GBM (default),roc_auc,0.1344527076700753,0.0040837540513744,29,45,0.1321801806024042
hazelnut-spread-contaminant-detection,tabarena-hazelnut-spread-contaminant-detection,fold-2,2,binary_classification,1,50000,42,0.07012451171875,0.1007421874999999,0.0980250000000001,1280,320,800,0.0609228610992431,1.4702351093292236,ok,True,hazelnut-spread-contaminant-detection,GBM (default),roc_auc,0.0263687499999999,0.0716562500000002,45,45,0.0044312499999999
hazelnut-spread-contaminant-detection,tabarena-hazelnut-spread-contaminant-detection,fold-6,6,binary_classification,1,50000,42,0.0,0.047578125,0.04173125,1280,320,800,0.3678846359252929,1.7256042957305908,ok,True,hazelnut-spread-contaminant-detection,GBM (default),roc_auc,0.0293874999999999,0.01234375,39,45,0.00598125
hazelnut-spread-contaminant-detection,tabarena-hazelnut-spread-contaminant-detection,fold-10,10,binary_classification,1,50000,42,0.0010253906249999,0.03171875,0.03448125,1280,320,800,0.88905930519104,2.271460771560669,ok,True,hazelnut-spread-contaminant-detection,GBM (default),roc_auc,0.0248625,0.00961875,36,45,0.00675625
hazelnut-spread-contaminant-detection,tabarena-hazelnut-spread-contaminant-detection,fold-14,14,binary_classification,1,50000,42,0.121337890625,0.1428515624999999,0.1536031250000001,1280,320,800,0.0335900783538818,1.350417137145996,ok,True,hazelnut-spread-contaminant-detection,GBM (default),roc_auc,0.0278,0.1258031250000001,45,45,0.00351875
hazelnut-spread-contaminant-detection,tabarena-hazelnut-spread-contaminant-detection,fold-18,18,binary_classification,1,50000,42,0.0030517578125,0.061640625,0.0488312500000001,1280,320,800,0.5017197132110596,1.845379114151001,ok,True,hazelnut-spread-contaminant-detection,GBM (default),roc_auc,0.0266812499999999,0.0221500000000001,40,45,0.0045312499999999
hazelnut-spread-contaminant-detection,tabarena-hazelnut-spread-contaminant-detection,fold-22,22,binary_classification,1,50000,42,0.071868896484375,0.0728515625,0.0920875000000001,1280,320,800,0.0691626071929931,1.3774962425231934,ok,True,hazelnut-spread-contaminant-detection,GBM (default),roc_auc,0.0289187499999999,0.0631687500000001,45,45,0.0074749999999998
hazelnut-spread-contaminant-detection,tabarena-hazelnut-spread-contaminant-detection,fold-26,26,binary_classification,1,50000,42,0.0975390625,0.09953125,0.0953281249999999,1280,320,800,0.0467662811279296,1.3535711765289309,ok,True,hazelnut-spread-contaminant-detection,GBM (default),roc_auc,0.0209749999999999,0.074353125,45,45,0.0085937499999998
healthcare-insurance-expenses,tabarena-healthcare-insurance-expenses,fold-0,0,regression,1,50000,42,12187.839893249558,13102.329010502195,11543.81866310869,713,179,446,0.0214827060699462,5.8482959270477295,ok,True,healthcare_insurance_expenses,GBM (default),rmse,4235.509729780342,7308.308933328348,45,45,4051.243121262965
healthcare-insurance-expenses,tabarena-healthcare-insurance-expenses,fold-4,4,regression,1,50000,42,4575.000754114881,5498.455025704524,6367.672659084579,713,179,446,0.2103257179260254,1.492250919342041,ok,True,healthcare_insurance_expenses,GBM (default),rmse,5124.386969883266,1243.2856892013133,40,45,5025.931661352429
healthcare-insurance-expenses,tabarena-healthcare-insurance-expenses,fold-8,8,regression,1,50000,42,9041.524054071211,9525.121186605213,9214.132651499029,713,179,446,0.5895578861236572,1.8935954570770264,ok,True,healthcare_insurance_expenses,GBM (default),rmse,4712.556825229962,4501.575826269065,43,45,4546.641443766882
healthcare-insurance-expenses,tabarena-healthcare-insurance-expenses,fold-12,12,regression,1,50000,42,12370.825106134193,11283.08903115932,12014.77666893668,713,179,446,0.0221097469329834,1.262270212173462,ok,True,healthcare_insurance_expenses,GBM (default),rmse,4620.800050455883,7393.976618480797,45,45,4397.718761642952
healthcare-insurance-expenses,tabarena-healthcare-insurance-expenses,fold-16,16,regression,1,50000,42,12035.982887916229,11847.571691206613,12318.964560876331,713,179,446,0.0216536521911621,1.2445976734161377,ok,True,healthcare_insurance_expenses,GBM (default),rmse,4854.941285357851,7464.023275518482,45,45,4759.068665229225
healthcare-insurance-expenses,tabarena-healthcare-insurance-expenses,fold-20,20,regression,1,50000,42,11836.76940992693,12251.484070737866,11604.110602189552,713,179,446,0.0408010482788085,1.283334732055664,ok,True,healthcare_insurance_expenses,GBM (default),rmse,4800.633283510969,6803.477318678583,43,45,4589.870985226183
healthcare-insurance-expenses,tabarena-healthcare-insurance-expenses,fold-24,24,regression,1,50000,42,4690.080594395656,5898.350786963212,5241.111658135645,713,179,446,0.3719205856323242,1.6688005924224854,ok,True,healthcare_insurance_expenses,GBM (default),rmse,4453.11105030629,788.0006078293545,40,45,4332.566257096058
healthcare-insurance-expenses,tabarena-healthcare-insurance-expenses,fold-28,28,regression,1,50000,42,7627.36217812487,8532.084677655332,7385.804753346238,713,179,446,0.3869307041168213,1.6785356998443604,ok,True,healthcare_insurance_expenses,GBM (default),rmse,4678.879350989474,2706.925402356764,43,45,4424.273015701596
heloc,tabarena-heloc,fold-2,2,binary_classification,1,10000,42,0.1830869990443911,0.1911358880999061,0.2151420458293207,5578,1395,3486,0.8289177417755127,2.681061029434204,ok,True,heloc,GBM (default),roc_auc,0.2121652507156708,0.0029767951136498,37,45,0.2013385024339405
heloc,tabarena-heloc,fold-6,6,binary_classification,1,10000,42,0.1662060353631864,0.193624684910292,0.2105753574559813,5577,1395,3487,0.5586252212524414,2.303901195526123,ok,True,heloc,GBM (default),roc_auc,0.2108047621244981,-0.0002294046685168,29,45,0.2031576102361945
houses,tabarena-houses,fold-1,1,regression,1,50000,42,0.2364429583206841,0.243730353136268,0.2441372578493061,11008,2752,6880,2.002819299697876,4.520434379577637,ok,True,houses,GBM (default),rmse,0.2134404605045295,0.0306967973447765,39,45,0.1970404186184516
houses,tabarena-houses,fold-5,5,regression,1,50000,42,0.3502395621825304,0.3594176016616974,0.3650527278750471,11008,2752,6880,1.717209815979004,4.230132102966309,ok,True,houses,GBM (default),rmse,0.2178382660818925,0.1472144617931546,43,45,0.2003062079666089
hr-analytics-job-change-of-data-scientists,tabarena-hr-analytics-job-change-of-data-scientists,fold-0,0,binary_classification,1,50000,42,0.1817734009559166,0.2219492112237531,0.1901401825565036,10217,2555,6386,0.2023594379425048,7.976631164550781,ok,True,HR_Analytics_Job_Change_of_Data_Scientists,GBM (default),roc_auc,0.1879792291662735,0.0021609533902301,30,45,0.1839697549072018
hr-analytics-job-change-of-data-scientists,tabarena-hr-analytics-job-change-of-data-scientists,fold-4,4,binary_classification,1,50000,42,0.1799577720493095,0.1927762763082292,0.2078356294404857,10217,2555,6386,0.2120051383972168,1.851036787033081,ok,True,HR_Analytics_Job_Change_of_Data_Scientists,GBM (default),roc_auc,0.204157324482236,0.0036783049582497,35,45,0.1991215202000825
hr-analytics-job-change-of-data-scientists,tabarena-hr-analytics-job-change-of-data-scientists,fold-8,8,binary_classification,1,50000,42,0.1993760074612922,0.2043938855721963,0.2062392464214331,10217,2555,6386,0.2203409671783447,1.7688283920288086,ok,True,HR_Analytics_Job_Change_of_Data_Scientists,GBM (default),roc_auc,0.1961413439168781,0.010097902504555,42,45,0.1926331413684086
in-vehicle-coupon-recommendation,tabarena-in-vehicle-coupon-recommendation,fold-3,3,binary_classification,1,10000,42,0.0463873604835146,0.172654002790989,0.1839318423971743,6764,1692,4228,7.570985078811645,9.801254510879517,ok,True,in_vehicle_coupon_recommendation,GBM (default),roc_auc,0.1601299095805236,0.0238019328166506,31,45,0.141694808725224
in-vehicle-coupon-recommendation,tabarena-in-vehicle-coupon-recommendation,fold-7,7,binary_classification,1,10000,42,0.2923340242908776,0.3105003844729872,0.3096901703920327,6764,1692,4228,1.277703046798706,2.9281530380249023,ok,True,in_vehicle_coupon_recommendation,GBM (default),roc_auc,0.1660517959856116,0.1436383744064211,43,45,0.1508186684452653
is-this-a-good-customer,tabarena-is-this-a-good-customer,fold-2,2,binary_classification,1,50000,42,0.2448344448344447,0.2692307692307693,0.3100498715429952,919,230,574,0.2598180770874023,1.6308987140655518,ok,True,Is-this-a-good-customer,GBM (default),roc_auc,0.2722079492217016,0.0378419223212935,43,45,0.2479069064530753
is-this-a-good-customer,tabarena-is-this-a-good-customer,fold-6,6,binary_classification,1,50000,42,0.186968436968437,0.1704374057315233,0.2722509972018813,918,230,575,0.2001967430114746,1.6007168292999268,ok,True,Is-this-a-good-customer,GBM (default),roc_auc,0.3016610108948026,-0.0294100136929212,18,45,0.2487348931356789
is-this-a-good-customer,tabarena-is-this-a-good-customer,fold-10,10,binary_classification,1,50000,42,0.181999531999532,0.2643288084464554,0.2167296357866102,919,230,574,0.3077530860900879,1.6947600841522217,ok,True,Is-this-a-good-customer,GBM (default),roc_auc,0.2562490554632008,-0.0395194196765906,3,45,0.2145685355901465
is-this-a-good-customer,tabarena-is-this-a-good-customer,fold-14,14,binary_classification,1,50000,42,0.2455188955188956,0.4182692307692308,0.249901768172888,919,230,574,0.2383947372436523,1.6214406490325928,ok,True,Is-this-a-good-customer,GBM (default),roc_auc,0.2536799153695027,-0.0037781471966147,26,45,0.2175306029922925
is-this-a-good-customer,tabarena-is-this-a-good-customer,fold-18,18,binary_classification,1,50000,42,0.1954321016821016,0.2635746606334841,0.3359677323331547,918,230,575,0.1990368366241455,1.631627321243286,ok,True,Is-this-a-good-customer,GBM (default),roc_auc,0.2782639757099483,0.0577037566232063,43,45,0.2575757575757575
is-this-a-good-customer,tabarena-is-this-a-good-customer,fold-22,22,binary_classification,1,50000,42,0.2303205803205803,0.2815799396681749,0.2692307692307693,919,230,574,0.1526970863342285,1.529592752456665,ok,True,Is-this-a-good-customer,GBM (default),roc_auc,0.2617802629590449,0.0074505062717243,29,45,0.217349251926855
is-this-a-good-customer,tabarena-is-this-a-good-customer,fold-26,26,binary_classification,1,50000,42,0.5,0.5,0.5,919,230,574,0.0949409008026123,1.460176944732666,ok,True,Is-this-a-good-customer,GBM (default),roc_auc,0.2492065890887109,0.250793410911289,45,45,0.2201299682635635
jm1,tabarena-jm1,fold-0,0,binary_classification,1,10000,42,0.2752990766370864,0.2690753105141756,0.2669864616396903,5804,1452,3629,0.1671977043151855,7.32602858543396,ok,True,jm1,GBM (default),roc_auc,0.239637932326692,0.0273485293129982,44,45,0.2166638926119622
jm1,tabarena-jm1,fold-4,4,binary_classification,1,10000,42,0.0505227766444537,0.2503867181683084,0.2493982625561572,5805,1452,3628,0.6372404098510742,2.3191237449646,ok,True,jm1,GBM (default),roc_auc,0.2480983928352349,0.0012998697209223,20,45,0.2249753170805801
jm1,tabarena-jm1,fold-8,8,binary_classification,1,10000,42,0.2752943863750565,0.2985038793378534,0.2844141725720672,5805,1452,3628,0.8210124969482422,2.6775991916656494,ok,True,jm1,GBM (default),roc_auc,0.2514751330540804,0.0329390395179868,45,45,0.2235203879940722
kddcup09-appetency,tabarena-kddcup09-appetency,fold-3,3,binary_classification,1,50000,42,0.0268905988622802,0.2047870156003757,0.1907504077632361,26666,6667,16667,12.234607696533203,22.697306871414185,ok,True,kddcup09_appetency,GBM (default),roc_auc,0.2128271104447036,-0.0220767026814674,28,45,0.1521235568883705
kddcup09-appetency,tabarena-kddcup09-appetency,fold-7,7,binary_classification,1,50000,42,0.0722369248573984,0.1955084110614313,0.2019034778656037,26666,6667,16667,11.852236986160278,29.490703105926517,ok,True,kddcup09_appetency,GBM (default),roc_auc,0.203532988200062,-0.0016295103344583,31,45,0.1586481800287542
marketing-campaign,tabarena-marketing-campaign,fold-2,2,binary_classification,1,10000,42,0.1088379569785555,0.2138232720909887,0.1837554089522594,1195,299,746,0.1640779972076416,1.5868916511535645,ok,True,Marketing_Campaign,GBM (default),roc_auc,0.0831808186138893,0.10057459033837,43,45,0.0726111938710364
marketing-campaign,tabarena-marketing-campaign,fold-6,6,binary_classification,1,10000,42,0.2445866141732283,0.3353455818022747,0.2454954954954954,1194,299,747,0.1343166828155517,1.5491232872009275,ok,True,Marketing_Campaign,GBM (default),roc_auc,0.10721570627231,0.1382797892231854,43,45,0.0834324890928664
marketing-campaign,tabarena-marketing-campaign,fold-10,10,binary_classification,1,10000,42,0.1501481907458196,0.2518716577540106,0.2134631608548932,1194,299,747,0.1249241828918457,1.5655856132507324,ok,True,Marketing_Campaign,GBM (default),roc_auc,0.118257874015748,0.0952052868391452,43,45,0.1023973565804274
marketing-campaign,tabarena-marketing-campaign,fold-14,14,binary_classification,1,10000,42,0.1057361925911195,0.1694663167104112,0.1206072213946229,1195,299,746,0.4216001033782959,1.8436806201934812,ok,True,Marketing_Campaign,GBM (default),roc_auc,0.0808115201815988,0.0397957012130241,43,45,0.0632333120522097
marketing-campaign,tabarena-marketing-campaign,fold-18,18,binary_classification,1,10000,42,0.255805980713085,0.2644794400699912,0.2316774321491301,1194,299,747,0.1293051242828369,1.6915411949157717,ok,True,Marketing_Campaign,GBM (default),roc_auc,0.0860530341662416,0.1456243979828885,43,45,0.0688140971159839
marketing-campaign,tabarena-marketing-campaign,fold-22,22,binary_classification,1,10000,42,0.1305958595063258,0.1674242424242423,0.1673439257592802,1194,299,747,0.1561713218688964,1.56834077835083,ok,True,Marketing_Campaign,GBM (default),roc_auc,0.0879358830146233,0.0794080427446569,43,45,0.0733689538807649
marketing-campaign,tabarena-marketing-campaign,fold-26,26,binary_classification,1,10000,42,0.0327577254096096,0.1014873140857393,0.1021848620273817,1195,299,746,0.9561855792999268,2.4279048442840576,ok,True,Marketing_Campaign,GBM (default),roc_auc,0.0894729375044336,0.0127119245229481,36,45,0.0702631765623891
miami-housing,tabarena-miami-housing,fold-0,0,regression,1,50000,42,74583.66814589441,101783.53814710966,97705.93520866583,7347,1837,4592,2.426202774047852,17.673516273498535,ok,True,miami_housing,GBM (default),rmse,88652.87008297365,9053.0651256922,34,45,76382.49394585288
miami-housing,tabarena-miami-housing,fold-4,4,regression,1,50000,42,97707.51468117406,106857.5530164938,115698.07927581224,7347,1837,4592,2.7840890884399414,6.046032905578613,ok,True,miami_housing,GBM (default),rmse,92315.25526679802,23382.824009014206,40,45,83669.08247273584
miami-housing,tabarena-miami-housing,fold-8,8,regression,1,50000,42,105198.46472176502,115306.1575504159,117251.34840749572,7347,1837,4592,3.642206907272339,6.975294589996338,ok,True,miami_housing,GBM (default),rmse,85913.84744915328,31337.500958342425,40,45,78068.89015214586
naticusdroid,tabarena-naticusdroid,fold-3,3,binary_classification,1,10000,42,0.0138783645813486,0.0190358793748623,0.0192323410251894,3995,999,2497,0.6765527725219727,2.5799636840820312,ok,True,NATICUSdroid,GBM (default),roc_auc,0.0145411308789853,0.0046912101462041,39,45,0.0119971816100054
naticusdroid,tabarena-naticusdroid,fold-7,7,binary_classification,1,10000,42,0.0141096545958978,0.026136913933524,0.0173746697199224,3995,999,2497,0.712425708770752,2.645735740661621,ok,True,NATICUSdroid,GBM (default),roc_auc,0.0145883389113967,0.0027863308085256,36,45,0.0124364981504315
online-shoppers-intention,tabarena-online-shoppers-intention,fold-2,2,binary_classification,1,10000,42,0.0827900949515414,0.0897042995524839,0.0859511628159589,6576,1644,4110,2.1390223503112797,4.033557891845703,ok,True,online_shoppers_intention,GBM (default),roc_auc,0.0618303805809916,0.0241207822349672,43,45,0.0586205523149505
online-shoppers-intention,tabarena-online-shoppers-intention,fold-6,6,binary_classification,1,10000,42,0.0602992836393636,0.0951141449045489,0.0944233533562891,6576,1644,4110,4.408675909042358,6.406078338623047,ok,True,online_shoppers_intention,GBM (default),roc_auc,0.0693996371970757,0.0250237161592133,43,45,0.0658066843361104
physiochemical-protein,tabarena-physiochemical-protein,fold-1,1,regression,1,50000,42,1.4384870277753552,3.605276350988189,3.544578540798294,24389,6098,15243,11.54486632347107,18.40039038658142,ok,True,physiochemical_protein,GBM (default),rmse,3.458944827040771,0.0856337137575229,34,45,2.892402594479093
physiochemical-protein,tabarena-physiochemical-protein,fold-5,5,regression,1,50000,42,2.405150896528116,3.6626952829664186,3.725342892821692,24389,6098,15243,4.948729515075684,10.053259372711182,ok,True,physiochemical_protein,GBM (default),rmse,3.5177735799015943,0.2075693129200972,36,45,2.9410234095779773
polish-companies-bankruptcy,tabarena-polish-companies-bankruptcy,fold-0,0,binary_classification,1,50000,42,0.0,0.0764479722187772,0.0431313746872794,3152,788,1970,0.8196840286254883,8.446209192276001,ok,True,polish_companies_bankruptcy,GBM (default),roc_auc,0.037137564949644,0.0059938097376354,29,45,0.0172236833664763
polish-companies-bankruptcy,tabarena-polish-companies-bankruptcy,fold-4,4,binary_classification,1,50000,42,1.719792624288452e-05,0.0538261193104304,0.0624041796584117,3152,788,1970,0.9375629425048828,2.9025509357452397,ok,True,polish_companies_bankruptcy,GBM (default),roc_auc,0.0553358739412475,0.0070683057171642,30,45,0.0213283636175389
polish-companies-bankruptcy,tabarena-polish-companies-bankruptcy,fold-8,8,binary_classification,1,50000,42,0.0380730818058449,0.0516929182686345,0.0745457369156701,3152,788,1970,1.064382791519165,2.976320743560791,ok,True,polish_companies_bankruptcy,GBM (default),roc_auc,0.0510909083668829,0.0234548285487872,32,45,0.0205717562449974
qsar-biodeg,tabarena-qsar-biodeg,fold-3,3,binary_classification,1,50000,42,0.0924148034363089,0.1170212765957446,0.0897320301511163,561,141,352,0.144317626953125,1.5633597373962402,ok,True,qsar-biodeg,GBM (default),roc_auc,0.0509611569949868,0.0387708731561294,45,45,0.0414036859378944
qsar-biodeg,tabarena-qsar-biodeg,fold-7,7,binary_classification,1,50000,42,0.1158559938720797,0.1491935483870967,0.1529606459591184,562,141,351,0.1275990009307861,3.980095624923706,ok,True,qsar-biodeg,GBM (default),roc_auc,0.0782352513275623,0.074725394631556,45,45,0.0677966101694915
qsar-biodeg,tabarena-qsar-biodeg,fold-11,11,binary_classification,1,10000,42,0.1432968778813284,0.1574820788530466,0.1410853277078635,562,141,351,0.1442189216613769,1.5455000400543213,ok,True,qsar-biodeg,GBM (default),roc_auc,0.0579035425911107,0.0831817851167527,45,45,0.0543755001091146
qsar-biodeg,tabarena-qsar-biodeg,fold-15,15,binary_classification,1,10000,42,0.1523013028389372,0.2179719330013582,0.1535506906625312,561,141,352,0.0717852115631103,1.4531514644622805,ok,True,qsar-biodeg,GBM (default),roc_auc,0.0721679229631767,0.0813827676993544,45,45,0.0636924297616041
qsar-biodeg,tabarena-qsar-biodeg,fold-19,19,binary_classification,1,10000,42,0.1277572095266466,0.1003584229390681,0.1892776605804902,562,141,351,0.0847749710083007,1.4900379180908203,ok,True,qsar-biodeg,GBM (default),roc_auc,0.069142358332727,0.1201353022477631,45,45,0.0485196770204408
qsar-biodeg,tabarena-qsar-biodeg,fold-23,23,binary_classification,1,10000,42,0.0327247967998639,0.0698924731182796,0.0858369098712447,562,141,351,0.4618058204650879,1.8925390243530276,ok,True,qsar-biodeg,GBM (default),roc_auc,0.0665963482941733,0.0192405615770713,42,45,0.0593947770422638
qsar-biodeg,tabarena-qsar-biodeg,fold-27,27,binary_classification,1,10000,42,0.1213375433805541,0.1557265731100046,0.1458145489955639,561,141,352,0.0750799179077148,1.491095781326294,ok,True,qsar-biodeg,GBM (default),roc_auc,0.0766761640278428,0.069138384967721,45,45,0.0677678796840625
qsar-fish-toxicity,tabarena-qsar-fish-toxicity,fold-1,1,regression,1,10000,42,0.9825689409056908,1.1100205141211277,0.9125421216126304,484,121,302,0.1372942924499511,1.4331541061401367,ok,True,QSAR_fish_toxicity,GBM (default),rmse,0.8156428953974394,0.0968992262151909,45,45,0.7579867978673905
qsar-fish-toxicity,tabarena-qsar-fish-toxicity,fold-5,5,regression,1,10000,42,0.6958194980394581,0.7634318252255845,0.9699280731609822,484,121,302,0.096813678741455,1.3838465213775637,ok,True,QSAR_fish_toxicity,GBM (default),rmse,0.9170311548608684,0.0528969183001136,43,45,0.8777088323365412
qsar-fish-toxicity,tabarena-qsar-fish-toxicity,fold-9,9,regression,1,10000,42,1.1345845851220455,1.0594649793001196,1.0825259327870518,483,121,303,0.037039041519165,1.3072576522827148,ok,True,QSAR_fish_toxicity,GBM (default),rmse,0.8941310364806526,0.1883948963063991,45,45,0.8301861410509607
qsar-fish-toxicity,tabarena-qsar-fish-toxicity,fold-13,13,regression,1,10000,42,0.944356309540308,1.0918444487417118,0.9884052056510284,484,121,302,0.2169475555419922,1.5277163982391355,ok,True,QSAR_fish_toxicity,GBM (default),rmse,0.8977542516077706,0.0906509540432578,45,45,0.8507496118813345
qsar-fish-toxicity,tabarena-qsar-fish-toxicity,fold-17,17,regression,1,10000,42,1.1427118783120542,1.20482484689452,1.1336683041743207,484,121,302,0.1643974781036377,1.4437665939331057,ok,True,QSAR_fish_toxicity,GBM (default),rmse,0.8991916974847679,0.2344766066895528,45,45,0.8555061066741626
qsar-fish-toxicity,tabarena-qsar-fish-toxicity,fold-21,21,regression,1,10000,42,0.943048682173078,0.8100845688915804,0.940412761649716,483,121,303,0.1268315315246582,1.4586715698242188,ok,True,QSAR_fish_toxicity,GBM (default),rmse,0.859927827995189,0.0804849336545269,45,45,0.7912878020815205
qsar-fish-toxicity,tabarena-qsar-fish-toxicity,fold-25,25,regression,1,10000,42,1.435872344957941,1.345279089524864,1.4438058233432356,484,121,302,0.0280420780181884,1.3040986061096191,ok,True,QSAR_fish_toxicity,GBM (default),rmse,0.8984121833174588,0.5453936400257768,45,45,0.8678839661798279
qsar-fish-toxicity,tabarena-qsar-fish-toxicity,fold-29,29,regression,1,10000,42,0.8719961680658983,0.9335676820388727,1.0304859902991468,484,121,302,0.0465447902679443,1.3117144107818604,ok,True,QSAR_fish_toxicity,GBM (default),rmse,0.9295718653215976,0.1009141249775491,45,45,0.8820688347963014
qsar-tid-11,tabarena-qsar-tid-11,fold-3,3,regression,1,10000,42,1.007082313015829,1.0274293211558971,1.0014734914337071,3062,766,1914,14.537598609924316,19.501736640930176,ok,True,QSAR-TID-11,GBM (default),rmse,0.7436912373335801,0.2577822541001272,45,45,0.7113554975147377
qsar-tid-11,tabarena-qsar-tid-11,fold-7,7,regression,1,10000,42,0.9437041865822512,0.9658412471735572,0.9951307770788734,3062,766,1914,8.865045547485352,14.257885694503784,ok,True,QSAR-TID-11,GBM (default),rmse,0.7312977464514528,0.2638330306274206,45,45,0.700977320018178
seismic-bumps,tabarena-seismic-bumps,fold-2,2,binary_classification,1,50000,42,0.1604727398205658,0.2131379962192816,0.2450030549009338,1378,345,861,0.045173168182373,1.289632797241211,ok,True,seismic-bumps,GBM (default),roc_auc,0.248668936021646,-0.0036658811207122,31,45,0.2103190189403857
seismic-bumps,tabarena-seismic-bumps,fold-6,6,binary_classification,1,50000,42,0.1983423983423983,0.2327167161760734,0.2034978751225891,1377,345,862,0.0527186393737793,1.3349053859710691,ok,True,seismic-bumps,GBM (default),roc_auc,0.2391958156260216,-0.0356979405034325,5,45,0.194758635719734
superconductivity,tabarena-superconductivity,fold-1,1,regression,1,10000,42,9.530851142357058,11.081063169935373,11.087875701982558,10000,2835,7088,34.911153078079224,43.6369526386261,ok,True,superconductivity,GBM (default),rmse,9.399509171279862,1.6883665307026965,41,45,8.88549575160075
superconductivity,tabarena-superconductivity,fold-5,5,regression,1,10000,42,8.697212352680472,10.59762162125736,10.491665283948112,10000,2836,7087,31.253968954086304,43.47883486747742,ok,True,superconductivity,GBM (default),rmse,9.15039422741122,1.3412710565368915,40,45,8.847413568001375
taiwanese-bankruptcy-prediction,tabarena-taiwanese-bankruptcy-prediction,fold-0,0,binary_classification,1,50000,42,0.0427101299852574,0.0579670437199106,0.0830292652552926,3636,910,2273,0.0604169368743896,8.512705326080322,ok,True,taiwanese_bankruptcy_prediction,GBM (default),roc_auc,0.0541531755915317,0.0288760896637608,41,45,0.0474595267745953
taiwanese-bankruptcy-prediction,tabarena-taiwanese-bankruptcy-prediction,fold-4,4,binary_classification,1,50000,42,0.0332238078260954,0.0490430153822067,0.0523785803237857,3636,910,2273,0.1141433715820312,2.2361600399017334,ok,True,taiwanese_bankruptcy_prediction,GBM (default),roc_auc,0.0542341220423411,-0.0018555417185553,18,45,0.0444146948941469
taiwanese-bankruptcy-prediction,tabarena-taiwanese-bankruptcy-prediction,fold-8,8,binary_classification,1,50000,42,0.0448748308935862,0.0737797956867196,0.0813576195568009,3636,910,2273,0.1039824485778808,2.337021350860596,ok,True,taiwanese_bankruptcy_prediction,GBM (default),roc_auc,0.0680530462249425,0.0133045733318584,41,45,0.0541769600432628
wine-quality,tabarena-wine-quality,fold-3,3,regression,1,50000,42,0.4909551857597539,0.6878383970302354,0.6952645022585204,3464,867,2166,0.1759994029998779,1.6616787910461426,ok,True,wine_quality,GBM (default),rmse,0.6478861570358276,0.0473783452226928,35,45,0.6125553250312805
wine-quality,tabarena-wine-quality,fold-7,7,regression,1,50000,42,0.5880229265561798,0.664940471662952,0.7014213575699856,3464,867,2166,2.1308364868164062,4.759218215942383,ok,True,wine_quality,GBM (default),rmse,0.6523571610450745,0.0490641965249111,39,45,0.6103475689888
